{"stats":{"minecraft:mined":{"minecraft:large_amethyst_bud":2,"minecraft:medium_amethyst_bud":1,"minecraft:amethyst_cluster":5,"minecraft:crafting_table":3,"minecraft:granite":26,"minecraft:grass_block":3,"minecraft:melon":4,"minecraft:tall_grass":1,"minecraft:sugar_cane":3,"minecraft:diorite":5,"minecraft:hay_block":19,"minecraft:furnace":2,"minecraft:birch_log":12,"minecraft:iron_ore":10,"minecraft:cobbled_deepslate":2,"minecraft:sweet_berry_bush":5,"minecraft:andesite":5,"minecraft:birch_leaves":2,"minecraft:grass":2,"minecraft:oak_log":23,"minecraft:coal_ore":23,"minecraft:vine":1,"minecraft:deepslate_iron_ore":25,"minecraft:sand":2,"minecraft:dirt":8,"minecraft:stone":153,"minecraft:oak_leaves":8,"minecraft:deepslate":6},"minecraft:killed_by":{"minecraft:skeleton":1},"minecraft:killed":{"minecraft:pig":5,"minecraft:zombie_villager":1,"minecraft:spider":1,"minecraft:creeper":1,"minecraft:skeleton":2,"minecraft:sheep":3,"minecraft:zombie":4,"minecraft:cow":1},"minecraft:broken":{"minecraft:wooden_pickaxe":1},"minecraft:crafted":{"minecraft:oak_planks":88,"minecraft:cooked_porkchop":5,"minecraft:crafting_table":3,"minecraft:wooden_pickaxe":2,"minecraft:iron_sword":1,"minecraft:furnace":2,"minecraft:birch_planks":48,"minecraft:air":0,"minecraft:iron_chestplate":1,"minecraft:shield":1,"minecraft:stick":24,"minecraft:iron_ingot":26,"minecraft:iron_pickaxe":1,"minecraft:stone_pickaxe":2,"minecraft:wooden_axe":1,"minecraft:stone_sword":2,"minecraft:iron_leggings":1,"minecraft:torch":32},"minecraft:picked_up":{"minecraft:birch_log":12,"minecraft:crafting_table":5,"minecraft:andesite":5,"minecraft:oak_log":23,"minecraft:gunpowder":2,"minecraft:dirt":11,"minecraft:bone":1,"minecraft:cobbled_deepslate":8,"minecraft:stone_pickaxe":1,"minecraft:beef":2,"minecraft:oak_boat":3,"minecraft:melon_slice":17,"minecraft:light_gray_wool":1,"minecraft:sugar_cane":5,"minecraft:oak_planks":21,"minecraft:furnace":2,"minecraft:stick":1,"minecraft:raw_iron":35,"minecraft:cooked_porkchop":2,"minecraft:sweet_berries":26,"minecraft:sand":2,"minecraft:gravel":2,"minecraft:porkchop":12,"minecraft:amethyst_shard":20,"minecraft:diorite":5,"minecraft:spider_eye":1,"minecraft:arrow":3,"minecraft:rotten_flesh":11,"minecraft:hay_block":19,"minecraft:granite":26,"minecraft:oak_sapling":2,"minecraft:mutton":4,"minecraft:coal":25,"minecraft:white_wool":2,"minecraft:cobblestone":153},"minecraft:used":{"minecraft:stone_sword":30,"minecraft:stone_pickaxe":167,"minecraft:wooden_pickaxe":95,"minecraft:shield":9,"minecraft:iron_sword":22,"minecraft:rotten_flesh":2,"minecraft:iron_chestplate":1,"minecraft:torch":4,"minecraft:dirt":10,"minecraft:mutton":2,"minecraft:crafting_table":7,"minecraft:granite":11,"minecraft:wooden_axe":20,"minecraft:iron_pickaxe":9,"minecraft:gravel":2,"minecraft:cobblestone":45,"minecraft:sweet_berries":14,"minecraft:furnace":3,"minecraft:cooked_porkchop":4,"minecraft:oak_boat":2,"minecraft:cobbled_deepslate":8,"minecraft:iron_leggings":1},"minecraft:custom":{"minecraft:interact_with_furnace":20,"minecraft:mob_kills":18,"minecraft:interact_with_crafting_table":17,"minecraft:leave_game":2,"minecraft:time_since_death":48733,"minecraft:climb_one_cm":90,"minecraft:sleep_in_bed":2,"minecraft:time_since_rest":7607,"minecraft:sprint_one_cm":107156,"minecraft:damage_taken":783,"minecraft:walk_one_cm":170634,"minecraft:damage_blocked_by_shield":1065,"minecraft:drop":21,"minecraft:damage_dealt":2402,"minecraft:swim_one_cm":2918,"minecraft:fly_one_cm":90558,"minecraft:crouch_one_cm":7575,"minecraft:play_time":65361,"minecraft:deaths":1,"minecraft:sneak_time":2187,"minecraft:walk_under_water_one_cm":5986,"minecraft:boat_one_cm":298454,"minecraft:jump":960,"minecraft:walk_on_water_one_cm":7769,"minecraft:total_world_time":65361,"minecraft:fall_one_cm":22551,"minecraft:horse_one_cm":1081},"minecraft:dropped":{"minecraft:sweet_berries":12,"minecraft:oak_log":1,"minecraft:rotten_flesh":4,"minecraft:oak_planks":24,"minecraft:coal":15,"minecraft:oak_sapling":2}},"DataVersion":3465}