{"stats":{"minecraft:mined":{"minecraft:cut_sandstone":10,"minecraft:stone_pressure_plate":1,"minecraft:white_bed":1,"minecraft:orange_terracotta":1,"minecraft:crafting_table":12,"minecraft:grass_block":3,"minecraft:melon":1,"minecraft:tall_grass":1,"minecraft:cobblestone":1,"minecraft:spruce_leaves":32,"minecraft:sugar_cane":7,"minecraft:sandstone":9,"minecraft:furnace":3,"minecraft:iron_ore":21,"minecraft:sweet_berry_bush":1,"minecraft:tnt":9,"minecraft:grass":5,"minecraft:oak_log":37,"minecraft:coal_ore":3,"minecraft:deepslate_iron_ore":10,"minecraft:sand":3,"minecraft:stone":52,"minecraft:oak_leaves":4,"minecraft:deepslate":4},"minecraft:killed_by":{"minecraft:skeleton":1,"minecraft:spider":1},"minecraft:killed":{"minecraft:pig":8,"minecraft:rabbit":1,"minecraft:spider":2,"minecraft:creeper":1,"minecraft:sheep":11,"minecraft:zombie":8,"minecraft:chicken":2,"minecraft:cow":2},"minecraft:crafted":{"minecraft:wooden_sword":2,"minecraft:oak_planks":148,"minecraft:cooked_porkchop":7,"minecraft:crafting_table":5,"minecraft:wooden_pickaxe":3,"minecraft:furnace":1,"minecraft:stone_axe":3,"minecraft:air":0,"minecraft:oak_boat":2,"minecraft:iron_chestplate":1,"minecraft:shield":2,"minecraft:stick":36,"minecraft:iron_ingot":13,"minecraft:iron_pickaxe":1,"minecraft:stone_pickaxe":4,"minecraft:wooden_axe":3,"minecraft:stone_sword":1,"minecraft:iron_leggings":1,"minecraft:white_bed":1},"minecraft:picked_up":{"minecraft:crafting_table":12,"minecraft:feather":2,"minecraft:chicken":2,"minecraft:cut_sandstone":10,"minecraft:leather":1,"minecraft:diamond_horse_armor":1,"minecraft:oak_log":37,"minecraft:gunpowder":1,"minecraft:string":2,"minecraft:dirt":6,"minecraft:wooden_sword":1,"minecraft:orange_terracotta":1,"minecraft:cobbled_deepslate":8,"minecraft:beef":2,"minecraft:iron_ingot":8,"minecraft:oak_boat":3,"minecraft:rabbit":1,"minecraft:melon_slice":7,"minecraft:sugar_cane":16,"minecraft:oak_planks":32,"minecraft:egg":1,"minecraft:furnace":3,"minecraft:stick":5,"minecraft:raw_iron":31,"minecraft:sandstone":9,"minecraft:sweet_berries":12,"minecraft:gravel":19,"minecraft:sand":2,"minecraft:porkchop":16,"minecraft:spruce_sapling":3,"minecraft:white_bed":1,"minecraft:stone_pressure_plate":1,"minecraft:tnt":9,"minecraft:rotten_flesh":6,"minecraft:oak_sapling":1,"minecraft:mutton":18,"minecraft:coal":30,"minecraft:white_wool":11,"minecraft:cobblestone":72},"minecraft:used":{"minecraft:stone_sword":11,"minecraft:stone_pickaxe":83,"minecraft:wooden_pickaxe":34,"minecraft:sandstone":9,"minecraft:cut_sandstone":9,"minecraft:rotten_flesh":1,"minecraft:dirt":6,"minecraft:mutton":4,"minecraft:crafting_table":10,"minecraft:white_bed":2,"minecraft:wooden_axe":37,"minecraft:iron_pickaxe":11,"minecraft:stone_axe":61,"minecraft:wooden_sword":20,"minecraft:cobblestone":15,"minecraft:sweet_berries":12,"minecraft:oak_sapling":1,"minecraft:furnace":2,"minecraft:cooked_porkchop":5,"minecraft:oak_boat":4,"minecraft:egg":1,"minecraft:orange_terracotta":1},"minecraft:custom":{"minecraft:interact_with_furnace":17,"minecraft:mob_kills":37,"minecraft:interact_with_crafting_table":20,"minecraft:leave_game":1,"minecraft:time_since_death":31378,"minecraft:sleep_in_bed":1,"minecraft:climb_one_cm":2493,"minecraft:time_since_rest":8620,"minecraft:sprint_one_cm":195898,"minecraft:damage_taken":2206,"minecraft:walk_one_cm":147630,"minecraft:drop":18,"minecraft:damage_dealt":4871,"minecraft:swim_one_cm":7903,"minecraft:player_kills":1,"minecraft:fly_one_cm":198143,"minecraft:open_chest":9,"minecraft:crouch_one_cm":6547,"minecraft:play_time":75069,"minecraft:deaths":6,"minecraft:sneak_time":3032,"minecraft:walk_under_water_one_cm":3338,"minecraft:boat_one_cm":305886,"minecraft:jump":1256,"minecraft:walk_on_water_one_cm":6420,"minecraft:total_world_time":75069,"minecraft:fall_one_cm":46439},"minecraft:dropped":{"minecraft:iron_ingot":8,"minecraft:cobbled_deepslate":2,"minecraft:cooked_porkchop":2,"minecraft:diamond_horse_armor":1,"minecraft:mutton":1,"minecraft:wooden_axe":1,"minecraft:cut_sandstone":1,"minecraft:wooden_pickaxe":1,"minecraft:spruce_sapling":2}},"DataVersion":3465}