{"stats":{"minecraft:killed":{"minecraft:pig":8,"minecraft:chicken":1,"minecraft:cow":1},"minecraft:dropped":{"minecraft:feather":2},"minecraft:custom":{"minecraft:time_since_rest":16215,"minecraft:sprint_one_cm":36844,"minecraft:damage_taken":276,"minecraft:walk_one_cm":52382,"minecraft:mob_kills":10,"minecraft:drop":2,"minecraft:damage_dealt":955,"minecraft:talked_to_villager":1,"minecraft:fly_one_cm":98274,"minecraft:open_chest":3,"minecraft:crouch_one_cm":4,"minecraft:play_time":16215,"minecraft:sneak_time":78,"minecraft:aviate_one_cm":428256,"minecraft:jump":455,"minecraft:interact_with_brewingstand":2,"minecraft:interact_with_blast_furnace":1,"minecraft:leave_game":2,"minecraft:time_since_death":16215,"minecraft:walk_on_water_one_cm":138,"minecraft:total_world_time":16215,"minecraft:climb_one_cm":756,"minecraft:interact_with_smoker":1,"minecraft:fall_one_cm":13328,"minecraft:horse_one_cm":3497},"minecraft:used":{"minecraft:firework_rocket":21,"minecraft:elytra":1,"minecraft:beef":3,"minecraft:porkchop":6},"minecraft:picked_up":{"minecraft:feather":2,"minecraft:chicken":1,"minecraft:pumpkin":1,"minecraft:leather":1,"minecraft:oak_fence":1,"minecraft:porkchop":17,"minecraft:oak_log":1,"minecraft:elytra":1,"minecraft:firework_rocket":64,"minecraft:beef":3},"minecraft:mined":{"minecraft:dark_oak_leaves":1,"minecraft:pumpkin":1,"minecraft:oak_fence":1,"minecraft:grass":12,"minecraft:oak_log":1,"minecraft:oak_leaves":1}},"DataVersion":3465}