{"stats":{"minecraft:used":{"minecraft:stone_sword":32,"minecraft:stone_pickaxe":25,"minecraft:chest":1,"minecraft:wooden_pickaxe":11,"minecraft:torch":2,"minecraft:dirt":9,"minecraft:mutton":1,"minecraft:crafting_table":3,"minecraft:white_bed":2,"minecraft:azure_bluet":1,"minecraft:wooden_axe":29,"minecraft:oxeye_daisy":2,"minecraft:acacia_sign":1,"minecraft:wooden_sword":72,"minecraft:furnace":1,"minecraft:egg":1,"minecraft:cooked_beef":4,"minecraft:acacia_planks":1,"minecraft:dandelion":1},"minecraft:broken":{"minecraft:wooden_sword":1},"minecraft:killed":{"minecraft:pig":15,"minecraft:creeper":1,"minecraft:sheep":12,"minecraft:skeleton":2,"minecraft:cow":10},"minecraft:crafted":{"minecraft:cooked_beef":16,"minecraft:wooden_sword":2,"minecraft:crafting_table":2,"minecraft:wooden_pickaxe":1,"minecraft:furnace":1,"minecraft:air":0,"minecraft:acacia_sign":3,"minecraft:stick":12,"minecraft:stone_pickaxe":1,"minecraft:wooden_axe":1,"minecraft:stone_sword":1,"minecraft:chest":1,"minecraft:white_bed":2,"minecraft:acacia_planks":48,"minecraft:torch":8},"minecraft:mined":{"minecraft:acacia_leaves":6,"minecraft:white_bed":1,"minecraft:dandelion":2,"minecraft:crafting_table":2,"minecraft:acacia_log":36,"minecraft:grass_block":6,"minecraft:tall_grass":7,"minecraft:oxeye_daisy":2,"minecraft:wall_torch":1,"minecraft:tall_seagrass":2,"minecraft:azure_bluet":2,"minecraft:grass":82,"minecraft:coal_ore":20,"minecraft:dirt":14,"minecraft:acacia_planks":1,"minecraft:stone":16},"minecraft:custom":{"minecraft:interact_with_furnace":3,"minecraft:mob_kills":40,"minecraft:interact_with_crafting_table":16,"minecraft:leave_game":2,"minecraft:time_since_death":28826,"minecraft:sleep_in_bed":3,"minecraft:time_since_rest":849,"minecraft:sprint_one_cm":48270,"minecraft:damage_taken":1320,"minecraft:walk_one_cm":91337,"minecraft:drop":1,"minecraft:damage_dealt":3985,"minecraft:swim_one_cm":5885,"minecraft:fly_one_cm":183319,"minecraft:open_chest":4,"minecraft:crouch_one_cm":1155,"minecraft:play_time":38100,"minecraft:deaths":4,"minecraft:sneak_time":699,"minecraft:walk_under_water_one_cm":581,"minecraft:jump":1116,"minecraft:walk_on_water_one_cm":612,"minecraft:total_world_time":38100,"minecraft:fall_one_cm":40346},"minecraft:dropped":{"minecraft:arrow":1},"minecraft:picked_up":{"minecraft:crafting_table":2,"minecraft:azure_bluet":2,"minecraft:leather":16,"minecraft:gunpowder":2,"minecraft:dirt":20,"minecraft:wooden_sword":1,"minecraft:acacia_planks":2,"minecraft:wheat_seeds":4,"minecraft:beef":29,"minecraft:acacia_sapling":6,"minecraft:egg":1,"minecraft:stick":6,"minecraft:dandelion":1,"minecraft:torch":1,"minecraft:acacia_log":36,"minecraft:porkchop":48,"minecraft:white_bed":1,"minecraft:arrow":1,"minecraft:mutton":27,"minecraft:coal":20,"minecraft:white_wool":14,"minecraft:cobblestone":16,"minecraft:oxeye_daisy":2}},"DataVersion":3465}