{"stats":{"minecraft:mined":{"minecraft:tuff":4,"minecraft:white_bed":2,"minecraft:dark_oak_leaves":2,"minecraft:deepslate_diamond_ore":5,"minecraft:sculk_vein":3,"minecraft:dark_oak_log":2,"minecraft:granite":5,"minecraft:grass_block":15,"minecraft:spawner":3,"minecraft:redstone_ore":2,"minecraft:furnace":8,"minecraft:iron_ore":94,"minecraft:cobbled_deepslate":1,"minecraft:andesite":24,"minecraft:deepslate_lapis_ore":2,"minecraft:deepslate_iron_ore":51,"minecraft:rail":48,"minecraft:small_amethyst_bud":1,"minecraft:stone":312,"minecraft:podzol":2,"minecraft:deepslate_redstone_ore":36,"minecraft:crafting_table":9,"minecraft:torch":2,"minecraft:emerald_ore":1,"minecraft:calcite":9,"minecraft:rose_bush":1,"minecraft:copper_ore":8,"minecraft:cobblestone":2,"minecraft:lapis_ore":5,"minecraft:deepslate_gold_ore":26,"minecraft:sugar_cane":18,"minecraft:sculk":41,"minecraft:diorite":10,"minecraft:wall_torch":2,"minecraft:amethyst_block":12,"minecraft:birch_log":49,"minecraft:spruce_log":8,"minecraft:birch_leaves":4,"minecraft:grass":7,"minecraft:coal_ore":84,"minecraft:oak_log":47,"minecraft:dripstone_block":1,"minecraft:dirt":103,"minecraft:cobweb":5,"minecraft:smooth_basalt":2,"minecraft:oak_leaves":9,"minecraft:deepslate":101},"minecraft:killed":{"minecraft:cave_spider":4,"minecraft:spider":6,"minecraft:pig":9,"minecraft:zombie_villager":1,"minecraft:creeper":2,"minecraft:sheep":13,"minecraft:zombie":11,"minecraft:cow":14},"minecraft:broken":{"minecraft:stone_axe":1,"minecraft:iron_pickaxe":1},"minecraft:crafted":{"minecraft:oak_planks":108,"minecraft:furnace":3,"minecraft:iron_boots":1,"minecraft:iron_axe":1,"minecraft:iron_hoe":1,"minecraft:stone_pickaxe":1,"minecraft:chest":1,"minecraft:dark_oak_planks":8,"minecraft:cooked_beef":27,"minecraft:cooked_porkchop":15,"minecraft:crafting_table":3,"minecraft:spruce_planks":32,"minecraft:wooden_pickaxe":1,"minecraft:iron_helmet":1,"minecraft:iron_sword":1,"minecraft:stone_axe":1,"minecraft:air":0,"minecraft:iron_chestplate":1,"minecraft:diamond_pickaxe":1,"minecraft:shield":1,"minecraft:stick":20,"minecraft:iron_ingot":75,"minecraft:iron_pickaxe":1,"minecraft:iron_shovel":1,"minecraft:iron_leggings":1,"minecraft:white_bed":1,"minecraft:torch":8},"minecraft:picked_up":{"minecraft:crafting_table":9,"minecraft:chest_minecart":1,"minecraft:wooden_pickaxe":1,"minecraft:amethyst_block":3,"minecraft:raw_copper":32,"minecraft:iron_axe":1,"minecraft:cobbled_deepslate":22,"minecraft:spruce_planks":9,"minecraft:beef":30,"minecraft:calcite":1,"minecraft:sugar_cane":40,"minecraft:birch_sapling":9,"minecraft:furnace":8,"minecraft:stick":1,"minecraft:raw_iron":160,"minecraft:torch":4,"minecraft:porkchop":20,"minecraft:diorite":8,"minecraft:redstone":63,"minecraft:rotten_flesh":9,"minecraft:glow_berries":6,"minecraft:mutton":19,"minecraft:rail":49,"minecraft:white_wool":12,"minecraft:cobblestone":247,"minecraft:birch_log":50,"minecraft:water_bucket":1,"minecraft:andesite":25,"minecraft:leather":14,"minecraft:tuff":2,"minecraft:oak_log":45,"minecraft:lapis_lazuli":45,"minecraft:dirt":118,"minecraft:wheat_seeds":1,"minecraft:raw_gold":26,"minecraft:gravel":1,"minecraft:white_bed":2,"minecraft:spruce_log":8,"minecraft:dark_oak_log":4,"minecraft:diamond":5,"minecraft:granite":2,"minecraft:emerald":1,"minecraft:melon_seeds":2,"minecraft:coal":167,"minecraft:diamond_pickaxe":1},"minecraft:used":{"minecraft:iron_shovel":53,"minecraft:chest":1,"minecraft:shield":3,"minecraft:iron_sword":163,"minecraft:iron_chestplate":1,"minecraft:torch":9,"minecraft:dirt":105,"minecraft:granite":2,"minecraft:iron_axe":59,"minecraft:iron_helmet":1,"minecraft:iron_boots":1,"minecraft:furnace":8,"minecraft:cooked_beef":12,"minecraft:cobbled_deepslate":7,"minecraft:iron_leggings":1,"minecraft:diorite":8,"minecraft:stone_pickaxe":100,"minecraft:wooden_pickaxe":6,"minecraft:crafting_table":11,"minecraft:white_bed":2,"minecraft:diamond_pickaxe":569,"minecraft:iron_pickaxe":251,"minecraft:stone_axe":107,"minecraft:cobblestone":155,"minecraft:bucket":1,"minecraft:cooked_porkchop":12,"minecraft:birch_log":5,"minecraft:andesite":6},"minecraft:custom":{"minecraft:mob_kills":61,"minecraft:interact_with_crafting_table":29,"minecraft:leave_game":1,"minecraft:time_since_death":112363,"minecraft:sprint_one_cm":179054,"minecraft:walk_one_cm":440903,"minecraft:damage_blocked_by_shield":270,"minecraft:drop":29,"minecraft:play_time":112363,"minecraft:sneak_time":12634,"minecraft:walk_under_water_one_cm":10609,"minecraft:jump":2358,"minecraft:walk_on_water_one_cm":14720,"minecraft:total_world_time":112363,"minecraft:interact_with_furnace":56,"minecraft:sleep_in_bed":1,"minecraft:time_since_rest":42446,"minecraft:damage_taken":1817,"minecraft:damage_dealt":8253,"minecraft:swim_one_cm":9980,"minecraft:fly_one_cm":282097,"minecraft:open_chest":9,"minecraft:crouch_one_cm":30713,"minecraft:fall_one_cm":46466},"minecraft:dropped":{"minecraft:crafting_table":1,"minecraft:cobblestone":7,"minecraft:glow_berries":6,"minecraft:chest_minecart":1,"minecraft:amethyst_block":3,"minecraft:activator_rail":2,"minecraft:coal":2,"minecraft:stick":2,"minecraft:dirt":13,"minecraft:dark_oak_log":2,"minecraft:iron_axe":1,"minecraft:dark_oak_planks":8,"minecraft:gold_ingot":1,"minecraft:gravel":1,"minecraft:detector_rail":2,"minecraft:cobbled_deepslate":15,"minecraft:tuff":2,"minecraft:birch_sapling":9,"minecraft:rotten_flesh":4,"minecraft:spruce_planks":9,"minecraft:diamond_pickaxe":1,"minecraft:andesite":19,"minecraft:melon_seeds":3,"minecraft:wooden_pickaxe":2,"minecraft:calcite":1}},"DataVersion":3465}