{"stats":{"minecraft:mined":{"minecraft:white_bed":1,"minecraft:crafting_table":11,"minecraft:grass_block":4,"minecraft:tall_grass":1,"minecraft:spruce_leaves":2,"minecraft:sugar_cane":15,"minecraft:furnace":7,"minecraft:iron_ore":47,"minecraft:andesite":5,"minecraft:grass":18,"minecraft:bookshelf":8,"minecraft:oak_log":23,"minecraft:coal_ore":86,"minecraft:gravel":7,"minecraft:dirt":8,"minecraft:stone":195,"minecraft:oak_leaves":10},"minecraft:killed_by":{"minecraft:skeleton":2,"minecraft:spider":1},"minecraft:killed":{"minecraft:pig":7,"minecraft:spider":3,"minecraft:creeper":2,"minecraft:skeleton":8,"minecraft:sheep":19,"minecraft:zombie":10,"minecraft:chicken":2,"minecraft:cow":21},"minecraft:picked_up":{"minecraft:crafting_table":11,"minecraft:feather":1,"minecraft:chicken":2,"minecraft:andesite":5,"minecraft:leather":19,"minecraft:wooden_pickaxe":1,"minecraft:oak_log":23,"minecraft:gunpowder":4,"minecraft:dirt":26,"minecraft:string":2,"minecraft:bone":4,"minecraft:beef":45,"minecraft:sugar_cane":40,"minecraft:furnace":7,"minecraft:book":24,"minecraft:stick":2,"minecraft:raw_iron":47,"minecraft:gravel":7,"minecraft:porkchop":14,"minecraft:spruce_sapling":1,"minecraft:white_bed":1,"minecraft:arrow":5,"minecraft:rotten_flesh":4,"minecraft:oak_sapling":2,"minecraft:mutton":31,"minecraft:coal":86,"minecraft:white_wool":18,"minecraft:cobblestone":193},"minecraft:crafted":{"minecraft:cooked_beef":24,"minecraft:oak_planks":92,"minecraft:wooden_shovel":1,"minecraft:cooked_porkchop":11,"minecraft:crafting_table":2,"minecraft:iron_helmet":1,"minecraft:wooden_pickaxe":3,"minecraft:iron_sword":1,"minecraft:furnace":3,"minecraft:bucket":1,"minecraft:stone_axe":2,"minecraft:cooked_mutton":5,"minecraft:air":0,"minecraft:oak_boat":1,"minecraft:iron_boots":1,"minecraft:iron_chestplate":1,"minecraft:shield":1,"minecraft:iron_axe":1,"minecraft:stick":28,"minecraft:iron_ingot":38,"minecraft:iron_pickaxe":1,"minecraft:stone_pickaxe":3,"minecraft:stone_sword":2,"minecraft:iron_leggings":1,"minecraft:white_bed":1},"minecraft:used":{"minecraft:cooked_mutton":3,"minecraft:water_bucket":6,"minecraft:stone_sword":46,"minecraft:stone_pickaxe":215,"minecraft:shield":5,"minecraft:wooden_pickaxe":30,"minecraft:iron_sword":146,"minecraft:wooden_shovel":7,"minecraft:dirt":15,"minecraft:crafting_table":10,"minecraft:white_bed":1,"minecraft:iron_axe":10,"minecraft:iron_pickaxe":102,"minecraft:spruce_sapling":1,"minecraft:gravel":5,"minecraft:stone_axe":4,"minecraft:cobblestone":32,"minecraft:furnace":8,"minecraft:oak_sapling":2,"minecraft:cooked_porkchop":1,"minecraft:bucket":7,"minecraft:andesite":1,"minecraft:oak_boat":1,"minecraft:cooked_beef":19},"minecraft:custom":{"minecraft:interact_with_furnace":36,"minecraft:mob_kills":74,"minecraft:interact_with_crafting_table":21,"minecraft:interact_with_stonecutter":3,"minecraft:leave_game":2,"minecraft:time_since_death":353,"minecraft:sleep_in_bed":2,"minecraft:climb_one_cm":632,"minecraft:time_since_rest":455,"minecraft:sprint_one_cm":267950,"minecraft:damage_taken":2480,"minecraft:walk_one_cm":152655,"minecraft:damage_blocked_by_shield":300,"minecraft:drop":11,"minecraft:damage_dealt":9562,"minecraft:swim_one_cm":34878,"minecraft:fly_one_cm":437571,"minecraft:open_chest":1,"minecraft:crouch_one_cm":10863,"minecraft:play_time":97878,"minecraft:deaths":3,"minecraft:sneak_time":6817,"minecraft:walk_under_water_one_cm":6733,"minecraft:boat_one_cm":153836,"minecraft:jump":2239,"minecraft:walk_on_water_one_cm":9938,"minecraft:total_world_time":97878,"minecraft:fall_one_cm":64988},"minecraft:dropped":{"minecraft:gravel":2,"minecraft:rotten_flesh":2,"minecraft:dirt":1,"minecraft:andesite":4,"minecraft:arrow":4,"minecraft:stone_pickaxe":1,"minecraft:wooden_pickaxe":3,"minecraft:bone":3}},"DataVersion":3465}