{"stats":{"minecraft:used":{"minecraft:spruce_leaves":76,"minecraft:spruce_log":24,"minecraft:bone_meal":21,"minecraft:spruce_sapling":16,"minecraft:grass_block":12},"minecraft:custom":{"minecraft:jump":88,"minecraft:time_since_rest":7744,"minecraft:crouch_one_cm":2336,"minecraft:sprint_one_cm":3755,"minecraft:leave_game":2,"minecraft:play_time":9273,"minecraft:deaths":1,"minecraft:time_since_death":7719,"minecraft:walk_one_cm":13469,"minecraft:sneak_time":954,"minecraft:total_world_time":9273,"minecraft:fly_one_cm":70900}},"DataVersion":3465}