{"stats":{"minecraft:mined":{"minecraft:white_bed":1,"minecraft:dark_oak_leaves":17,"minecraft:deepslate_diamond_ore":7,"minecraft:sculk_vein":26,"minecraft:dark_oak_log":49,"minecraft:granite":5,"minecraft:grass_block":8,"minecraft:redstone_ore":8,"minecraft:furnace":5,"minecraft:iron_ore":178,"minecraft:andesite":1,"minecraft:pumpkin":4,"minecraft:pointed_dripstone":39,"minecraft:deepslate_iron_ore":31,"minecraft:stone":264,"minecraft:deepslate_redstone_ore":1,"minecraft:crafting_table":9,"minecraft:calcite":4,"minecraft:sculk_sensor":14,"minecraft:copper_ore":1,"minecraft:tall_grass":7,"minecraft:cobblestone":27,"minecraft:lapis_ore":3,"minecraft:deepslate_gold_ore":5,"minecraft:oak_planks":2,"minecraft:sculk":271,"minecraft:diorite":2,"minecraft:amethyst_block":4,"minecraft:deepslate_copper_ore":1,"minecraft:seagrass":1,"minecraft:grass":7,"minecraft:oak_log":37,"minecraft:coal_ore":143,"minecraft:dripstone_block":2,"minecraft:dirt":8,"minecraft:cobweb":1,"minecraft:smooth_basalt":2,"minecraft:gold_ore":10,"minecraft:oak_leaves":7,"minecraft:deepslate":29},"minecraft:killed":{"minecraft:spider":5,"minecraft:skeleton":12,"minecraft:chicken":2,"minecraft:pig":5,"minecraft:creeper":1,"minecraft:sheep":8,"minecraft:zombie":14,"minecraft:cow":7,"minecraft:enderman":1},"minecraft:killed_by":{"minecraft:player":2,"minecraft:skeleton":2},"minecraft:broken":{"minecraft:stone_pickaxe":1,"minecraft:iron_pickaxe":2,"minecraft:wooden_axe":1,"minecraft:iron_hoe":1},"minecraft:crafted":{"minecraft:oak_planks":128,"minecraft:furnace":3,"minecraft:cooked_mutton":10,"minecraft:bow":1,"minecraft:iron_boots":1,"minecraft:iron_axe":1,"minecraft:iron_hoe":2,"minecraft:stone_pickaxe":3,"minecraft:cooked_beef":13,"minecraft:cooked_porkchop":4,"minecraft:crafting_table":7,"minecraft:wooden_pickaxe":2,"minecraft:iron_helmet":1,"minecraft:iron_sword":1,"minecraft:bucket":1,"minecraft:air":0,"minecraft:oak_boat":1,"minecraft:iron_chestplate":1,"minecraft:shield":1,"minecraft:stick":28,"minecraft:iron_ingot":67,"minecraft:iron_pickaxe":3,"minecraft:wooden_axe":2,"minecraft:iron_leggings":1,"minecraft:white_bed":1},"minecraft:picked_up":{"minecraft:crafting_table":9,"minecraft:chicken":2,"minecraft:string":4,"minecraft:cobbled_deepslate":20,"minecraft:beef":14,"minecraft:oak_boat":1,"minecraft:calcite":4,"minecraft:poppy":1,"minecraft:furnace":5,"minecraft:egg":2,"minecraft:raw_iron":244,"minecraft:dark_oak_sapling":1,"minecraft:stick":3,"minecraft:porkchop":11,"minecraft:pointed_dripstone":64,"minecraft:diorite":2,"minecraft:redstone":40,"minecraft:arrow":9,"minecraft:mutton":10,"minecraft:white_wool":7,"minecraft:cobblestone":294,"minecraft:feather":2,"minecraft:andesite":2,"minecraft:leather":5,"minecraft:oak_log":36,"minecraft:lapis_lazuli":24,"minecraft:dirt":16,"minecraft:bone":12,"minecraft:bow":2,"minecraft:wheat_seeds":2,"minecraft:raw_gold":15,"minecraft:iron_ingot":2,"minecraft:oak_planks":1,"minecraft:pumpkin":4,"minecraft:dripstone_block":1,"minecraft:gravel":14,"minecraft:spruce_sapling":1,"minecraft:white_bed":1,"minecraft:dark_oak_log":49,"minecraft:spider_eye":2,"minecraft:diamond":7,"minecraft:granite":5,"minecraft:gray_wool":2,"minecraft:oak_sapling":1,"minecraft:coal":255},"minecraft:used":{"minecraft:shield":27,"minecraft:iron_sword":57,"minecraft:iron_chestplate":1,"minecraft:spruce_leaves":76,"minecraft:dirt":2,"minecraft:iron_hoe":309,"minecraft:wooden_axe":45,"minecraft:iron_axe":118,"minecraft:grass_block":12,"minecraft:furnace":6,"minecraft:egg":2,"minecraft:cooked_beef":13,"minecraft:cobbled_deepslate":2,"minecraft:cooked_mutton":10,"minecraft:water_bucket":149,"minecraft:stone_pickaxe":246,"minecraft:wooden_pickaxe":10,"minecraft:crafting_table":16,"minecraft:white_bed":1,"minecraft:spruce_log":24,"minecraft:chicken":1,"minecraft:iron_pickaxe":533,"minecraft:spruce_sapling":16,"minecraft:cobblestone":140,"minecraft:cooked_porkchop":4,"minecraft:bucket":150,"minecraft:oak_boat":1,"minecraft:bone_meal":21},"minecraft:custom":{"minecraft:mob_kills":55,"minecraft:interact_with_crafting_table":27,"minecraft:leave_game":3,"minecraft:time_since_death":91608,"minecraft:sprint_one_cm":297485,"minecraft:walk_one_cm":208389,"minecraft:damage_blocked_by_shield":2355,"minecraft:drop":27,"minecraft:play_time":120974,"minecraft:deaths":6,"minecraft:sneak_time":29801,"minecraft:walk_under_water_one_cm":17997,"minecraft:boat_one_cm":53286,"minecraft:jump":2217,"minecraft:walk_on_water_one_cm":30761,"minecraft:total_world_time":120974,"minecraft:interact_with_furnace":35,"minecraft:sleep_in_bed":1,"minecraft:time_since_rest":42518,"minecraft:damage_taken":3524,"minecraft:damage_dealt":9024,"minecraft:swim_one_cm":46554,"minecraft:fly_one_cm":350283,"minecraft:open_chest":4,"minecraft:crouch_one_cm":84288,"minecraft:fall_one_cm":64968},"minecraft:dropped":{"minecraft:wheat_seeds":2,"minecraft:dripstone_block":1,"minecraft:feather":2,"minecraft:granite":5,"minecraft:stick":2,"minecraft:dirt":11,"minecraft:gray_wool":2,"minecraft:diorite":2,"minecraft:string":4,"minecraft:spruce_sapling":1,"minecraft:cobbled_deepslate":18,"minecraft:poppy":1,"minecraft:andesite":2,"minecraft:oak_sapling":1,"minecraft:spider_eye":1,"minecraft:spruce_log":1,"minecraft:stone_pickaxe":1}},"DataVersion":3465}