{"stats":{"minecraft:dropped":{"minecraft:grass":1,"minecraft:bedrock":1,"minecraft:elytra":1,"minecraft:firework_rocket":64},"minecraft:custom":{"minecraft:time_since_rest":53563,"minecraft:crouch_one_cm":2122,"minecraft:damage_taken":190,"minecraft:play_time":63360,"minecraft:sprint_one_cm":44776,"minecraft:deaths":3,"minecraft:walk_one_cm":59226,"minecraft:sneak_time":1534,"minecraft:walk_under_water_one_cm":33607,"minecraft:drop":4,"minecraft:jump":459,"minecraft:damage_dealt":75,"minecraft:leave_game":5,"minecraft:walk_on_water_one_cm":385,"minecraft:time_since_death":53537,"minecraft:total_world_time":63360,"minecraft:fall_one_cm":1712,"minecraft:fly_one_cm":153015},"minecraft:used":{"minecraft:bedrock":11,"minecraft:nether_brick_fence":7,"minecraft:diorite":8,"minecraft:dirt":22,"minecraft:dark_oak_log":12,"minecraft:lantern":5,"minecraft:grass_block":23,"minecraft:dark_oak_leaves":51,"minecraft:stone":20,"minecraft:spruce_trapdoor":13,"minecraft:cherry_fence":5,"minecraft:gravel":1,"minecraft:deepslate":81},"minecraft:picked_up":{"minecraft:stone":2,"minecraft:deepslate":2,"minecraft:wheat_seeds":3,"minecraft:gravel":2,"minecraft:bedrock":2,"minecraft:diorite":2,"minecraft:dirt":14,"minecraft:lantern":1},"minecraft:mined":{"minecraft:grass":12}},"DataVersion":3465}