{"stats":{"minecraft:mined":{"minecraft:crafting_table":3,"minecraft:torch":2,"minecraft:granite":11,"minecraft:grass_block":8,"minecraft:melon":16,"minecraft:rose_bush":1,"minecraft:tall_grass":1,"minecraft:cobblestone":14,"minecraft:diorite":13,"minecraft:wall_torch":34,"minecraft:furnace":2,"minecraft:birch_log":21,"minecraft:iron_ore":19,"minecraft:spruce_log":2,"minecraft:andesite":14,"minecraft:grass":15,"minecraft:oak_log":6,"minecraft:coal_ore":57,"minecraft:vine":1,"minecraft:cocoa":2,"minecraft:dirt":28,"minecraft:gravel":7,"minecraft:sand":1,"minecraft:bamboo":3,"minecraft:stone":443,"minecraft:oak_leaves":14,"minecraft:deepslate":39,"minecraft:fern":1},"minecraft:killed":{"minecraft:pig":12,"minecraft:salmon":1,"minecraft:spider":1,"minecraft:sheep":27,"minecraft:zombie":1,"minecraft:chicken":6,"minecraft:cow":10},"minecraft:crafted":{"minecraft:wooden_sword":1,"minecraft:oak_planks":24,"minecraft:cooked_porkchop":10,"minecraft:crafting_table":7,"minecraft:spruce_planks":8,"minecraft:birch_boat":2,"minecraft:wooden_pickaxe":1,"minecraft:cooked_chicken":2,"minecraft:furnace":3,"minecraft:birch_planks":80,"minecraft:stone_axe":2,"minecraft:cooked_mutton":6,"minecraft:air":0,"minecraft:shield":1,"minecraft:stick":36,"minecraft:iron_ingot":8,"minecraft:stone_pickaxe":6,"minecraft:iron_leggings":1,"minecraft:torch":52},"minecraft:picked_up":{"minecraft:birch_log":20,"minecraft:cocoa_beans":6,"minecraft:crafting_table":3,"minecraft:feather":10,"minecraft:chicken":7,"minecraft:andesite":14,"minecraft:leather":8,"minecraft:flint":2,"minecraft:oak_log":6,"minecraft:dirt":34,"minecraft:string":1,"minecraft:wheat_seeds":1,"minecraft:cobbled_deepslate":39,"minecraft:beef":17,"minecraft:light_gray_wool":1,"minecraft:bamboo":21,"minecraft:melon_slice":61,"minecraft:furnace":2,"minecraft:stick":1,"minecraft:raw_iron":18,"minecraft:torch":39,"minecraft:gravel":6,"minecraft:porkchop":18,"minecraft:sand":1,"minecraft:diorite":13,"minecraft:spruce_log":2,"minecraft:granite":11,"minecraft:gray_wool":3,"minecraft:oak_sapling":1,"minecraft:mutton":44,"minecraft:coal":57,"minecraft:white_wool":24,"minecraft:cobblestone":456},"minecraft:broken":{"minecraft:stone_pickaxe":4,"minecraft:stone_axe":1},"minecraft:used":{"minecraft:cooked_mutton":6,"minecraft:stone_pickaxe":622,"minecraft:wooden_pickaxe":12,"minecraft:birch_boat":2,"minecraft:cooked_chicken":2,"minecraft:torch":40,"minecraft:dirt":3,"minecraft:crafting_table":10,"minecraft:melon_slice":3,"minecraft:string":1,"minecraft:stone_axe":152,"minecraft:wooden_sword":19,"minecraft:cobblestone":103,"minecraft:furnace":5,"minecraft:cooked_porkchop":10},"minecraft:custom":{"minecraft:interact_with_furnace":20,"minecraft:mob_kills":58,"minecraft:interact_with_crafting_table":18,"minecraft:leave_game":2,"minecraft:time_since_death":77893,"minecraft:climb_one_cm":2452,"minecraft:time_since_rest":77893,"minecraft:sprint_one_cm":228121,"minecraft:damage_taken":1100,"minecraft:walk_one_cm":108957,"minecraft:drop":5,"minecraft:damage_dealt":5416,"minecraft:swim_one_cm":23252,"minecraft:fly_one_cm":308324,"minecraft:player_kills":1,"minecraft:crouch_one_cm":19172,"minecraft:play_time":77893,"minecraft:sneak_time":14478,"minecraft:walk_under_water_one_cm":8817,"minecraft:boat_one_cm":136040,"minecraft:jump":2130,"minecraft:walk_on_water_one_cm":15133,"minecraft:total_world_time":77893,"minecraft:fall_one_cm":59420},"minecraft:dropped":{"minecraft:oak_planks":3,"minecraft:granite":11,"minecraft:diorite":13,"minecraft:andesite":14,"minecraft:wooden_pickaxe":1}},"DataVersion":3465}