{"stats":{"minecraft:killed":{"minecraft:chicken":1},"minecraft:picked_up":{"minecraft:feather":2,"minecraft:chicken":1},"minecraft:custom":{"minecraft:jump":22,"minecraft:time_since_rest":1323,"minecraft:damage_dealt":40,"minecraft:play_time":1323,"minecraft:leave_game":2,"minecraft:sprint_one_cm":2917,"minecraft:time_since_death":1323,"minecraft:walk_one_cm":1127,"minecraft:total_world_time":1323,"minecraft:mob_kills":1,"minecraft:fall_one_cm":209,"minecraft:fly_one_cm":4315},"minecraft:mined":{"minecraft:grass":2}},"DataVersion":3465}