{"stats":{"minecraft:used":{"minecraft:bedrock":33,"minecraft:water_bucket":9,"minecraft:netherite_sword":17,"minecraft:dirt":138,"minecraft:lantern":2,"minecraft:grass_block":39,"minecraft:dark_oak_fence":22,"minecraft:dark_oak_leaves":26},"minecraft:custom":{"minecraft:time_since_rest":1989,"minecraft:crouch_one_cm":2959,"minecraft:deaths":2,"minecraft:play_time":15061,"minecraft:sprint_one_cm":10235,"minecraft:walk_one_cm":40611,"minecraft:sneak_time":775,"minecraft:mob_kills":4,"minecraft:jump":143,"minecraft:damage_dealt":2120,"minecraft:leave_game":2,"minecraft:time_since_death":1962,"minecraft:walk_on_water_one_cm":4298,"minecraft:total_world_time":15061,"minecraft:fly_one_cm":31982},"minecraft:picked_up":{"minecraft:leather":3,"minecraft:lead":2,"minecraft:wheat_seeds":2,"minecraft:lantern":1},"minecraft:killed":{"minecraft:trader_llama":4}},"DataVersion":3465}