{"stats":{"minecraft:mined":{"minecraft:birch_log":6,"minecraft:grass_block":1,"minecraft:birch_leaves":2,"minecraft:oak_leaves":2},"minecraft:picked_up":{"minecraft:birch_log":6,"minecraft:dirt":1},"minecraft:used":{"minecraft:dirt":1},"minecraft:custom":{"minecraft:jump":62,"minecraft:crouch_one_cm":511,"minecraft:leave_game":3,"minecraft:play_time":5229,"minecraft:sprint_one_cm":9447,"minecraft:damage_taken":30,"minecraft:time_since_death":5229,"minecraft:walk_one_cm":2549,"minecraft:sneak_time":103,"minecraft:total_world_time":5229,"minecraft:fall_one_cm":2034,"minecraft:fly_one_cm":25873,"minecraft:time_since_rest":5229}},"DataVersion":3465}