{"stats":{"minecraft:used":{"minecraft:dirt":1},"minecraft:picked_up":{"minecraft:birch_log":6,"minecraft:dirt":1},"minecraft:mined":{"minecraft:birch_log":6,"minecraft:grass_block":1,"minecraft:birch_leaves":2,"minecraft:oak_leaves":2},"minecraft:custom":{"minecraft:time_since_rest":12585,"minecraft:damage_dealt":10,"minecraft:play_time":12585,"minecraft:crouch_one_cm":584,"minecraft:leave_game":4,"minecraft:sprint_one_cm":18419,"minecraft:damage_taken":30,"minecraft:time_since_death":12585,"minecraft:walk_one_cm":7857,"minecraft:sneak_time":146,"minecraft:total_world_time":12585,"minecraft:fall_one_cm":2034,"minecraft:fly_one_cm":43469,"minecraft:jump":149}},"DataVersion":3465}