{"stats":{"minecraft:dropped":{"minecraft:leather":2},"minecraft:custom":{"minecraft:time_since_rest":2151,"minecraft:crouch_one_cm":360,"minecraft:sprint_one_cm":3858,"minecraft:play_time":12190,"minecraft:deaths":5,"minecraft:damage_taken":330,"minecraft:walk_one_cm":20078,"minecraft:sneak_time":617,"minecraft:walk_under_water_one_cm":2834,"minecraft:interact_with_anvil":1,"minecraft:mob_kills":1,"minecraft:drop":1,"minecraft:jump":121,"minecraft:damage_dealt":275,"minecraft:leave_game":2,"minecraft:walk_on_water_one_cm":1970,"minecraft:time_since_death":2124,"minecraft:total_world_time":12190,"minecraft:swim_one_cm":11517,"minecraft:fall_one_cm":5473,"minecraft:fly_one_cm":72043},"minecraft:used":{"minecraft:creeper_spawn_egg":2,"minecraft:netherite_sword":3,"minecraft:chipped_anvil":1,"minecraft:trader_llama_spawn_egg":4,"minecraft:dirt":45,"minecraft:bricks":3,"minecraft:panda_spawn_egg":1,"minecraft:packed_mud":8},"minecraft:picked_up":{"minecraft:leather":2,"minecraft:lead":2,"minecraft:bamboo":1},"minecraft:killed":{"minecraft:panda":1}},"DataVersion":3465}