{"stats":{"minecraft:used":{"minecraft:dirt":6,"minecraft:oak_sapling":1},"minecraft:mined":{"minecraft:grass":4,"minecraft:grass_block":1,"minecraft:dirt":5,"minecraft:oak_leaves":7},"minecraft:custom":{"minecraft:time_since_rest":483,"minecraft:crouch_one_cm":923,"minecraft:play_time":5084,"minecraft:sprint_one_cm":14928,"minecraft:walk_one_cm":4204,"minecraft:damage_taken":240,"minecraft:deaths":1,"minecraft:sneak_time":278,"minecraft:walk_under_water_one_cm":444,"minecraft:jump":173,"minecraft:leave_game":1,"minecraft:time_since_death":413,"minecraft:walk_on_water_one_cm":686,"minecraft:total_world_time":5084,"minecraft:swim_one_cm":2727,"minecraft:fall_one_cm":8010,"minecraft:fly_one_cm":39833},"minecraft:picked_up":{"minecraft:oak_sapling":1,"minecraft:dirt":6}},"DataVersion":3465}